1,John Doe,18371,2020-09-14, ,3.0,Deluxe,Unavailable
2,hello,9889,2020-12-13, ,2.0,Deluxe,Unavailable
3, , , , ,,Deluxe, Available
4, , , , ,,Deluxe, Available
5, , , , ,,Deluxe, Available
6, , , , ,,Deluxe, Available
7, , , , ,,Deluxe, Available
8, , , , ,,Deluxe, Available
9, , , , ,,Deluxe, Available
10, , , , ,,Deluxe, Available
11, , , , ,,Deluxe, Available
12, , , , ,,Deluxe, Available
13, , , , ,,Deluxe, Available
14, , , , ,,Deluxe, Available
15, , , , ,,Deluxe, Available
16, , , , ,,Deluxe, Available
17, , , , ,,Deluxe, Available
18, , , , ,,Deluxe, Available
19, , , , ,,Deluxe, Available
20, , , , ,,Deluxe, Available
21, , , , ,,Deluxe, Available
22, , , , ,,Deluxe, Available
23, , , , ,,Deluxe, Available
24, , , , ,,Deluxe, Available
25, , , , ,,Deluxe, Available
26, , , , ,,Deluxe, Available
27, , , , ,,Deluxe, Available
28, , , , ,,Deluxe, Available
29, , , , ,,Deluxe, Available
30, , , , ,,Deluxe, Available
31, , , , ,,Deluxe, Available
32, , , , ,,Deluxe, Available
33, , , , ,,Deluxe, Available
34, , , , ,,Deluxe, Available
35, , , , ,,Deluxe, Available
36, , , , ,,Deluxe, Available
37, , , , ,,Deluxe, Available
38, , , , ,,Deluxe, Available
39, , , , ,,Deluxe, Available
40, , , , ,,Deluxe, Available
41, , , , ,,Deluxe, Available
42, , , , ,,Deluxe, Available
43, , , , ,,Deluxe, Available
44, , , , ,,Deluxe, Available
45, , , , ,,Deluxe, Available
46, , , , ,,Deluxe, Available
47, , , , ,,Deluxe, Available
48, , , , ,,Deluxe, Available
49, , , , ,,Deluxe, Available
50, , , , ,,Deluxe, Available
51, , , , ,,Suite, Available
52,hello,123,2020-09-10, ,1.0,Suite,Unavailable
53, , , , ,,Suite, Available
54, , , , ,,Suite, Available
55, , , , ,,Suite, Available
56, , , , ,,Suite, Available
57, , , , ,,Suite, Available
58, , , , ,,Suite, Available
59, , , , ,,Suite, Available
60, , , , ,,Suite, Available
61, , , , ,,Suite, Available
62, , , , ,,Suite, Available
63, , , , ,,Suite, Available
64, , , , ,,Suite, Available
65, , , , ,,Suite, Available
66, , , , ,,Suite, Available
67, , , , ,,Suite, Available
68, , , , ,,Suite, Available
69, , , , ,,Suite, Available
70, , , , ,,Suite, Available
71, , , , ,,Suite, Available
72, , , , ,,Suite, Available
73, , , , ,,Suite, Available
74, , , , ,,Suite, Available
75, , , , ,,Suite, Available
76, , , , ,,Suite, Available
77, , , , ,,Suite, Available
78, , , , ,,Suite, Available
79, , , , ,,Suite, Available
80, , , , ,,Suite, Available
81, , , , ,,Super Deluxe, Available
82, , , , ,,Super Deluxe, Available
83, , , , ,,Super Deluxe, Available
84, , , , ,,Super Deluxe, Available
85, , , , ,,Super Deluxe, Available
86, , , , ,,Super Deluxe, Available
87, , , , ,,Super Deluxe, Available
88, , , , ,,Super Deluxe, Available
89, , , , ,,Super Deluxe, Available
90, , , , ,,Super Deluxe, Available
91, , , , ,,Super Deluxe, Available
92, , , , ,,Super Deluxe, Available
93, , , , ,,Super Deluxe, Available
94, , , , ,,Super Deluxe, Available
95, , , , ,,Super Deluxe, Available
96, , , , ,,Super Deluxe, Available
97, , , , ,,Super Deluxe, Available
98, , , , ,,Super Deluxe, Available
99, , , , ,,Super Deluxe, Available
100, , , , ,,Super Deluxe, Available
